{
    "5_folds": {
        "fold_1": 0.5955882352941176,
        "fold_2": 0.6323529411764706,
        "fold_3": 0.5514705882352942,
        "fold_4": 0.5294117647058824,
        "fold_5": 0.5777777777777777,
        "overall_accuracy": 0.5773195876288659
    },
    "10_folds": {
        "fold_1": 0.6470588235294118,
        "fold_2": 0.6029411764705882,
        "fold_3": 0.6176470588235294,
        "fold_4": 0.6323529411764706,
        "fold_5": 0.5441176470588235,
        "fold_6": 0.5882352941176471,
        "fold_7": 0.4852941176470588,
        "fold_8": 0.5588235294117647,
        "fold_9": 0.5441176470588235,
        "fold_10": 0.5671641791044776,
        "overall_accuracy": 0.5787923416789397
    }
}