{
    "5_folds": {
        "fold_1": 0.6102941176470589,
        "fold_2": 0.6470588235294118,
        "fold_3": 0.5808823529411765,
        "fold_4": 0.5220588235294118,
        "fold_5": 0.5703703703703704,
        "overall_accuracy": 0.5861561119293078
    },
    "10_folds": {
        "fold_1": 0.6470588235294118,
        "fold_2": 0.5588235294117647,
        "fold_3": 0.6176470588235294,
        "fold_4": 0.6470588235294118,
        "fold_5": 0.5441176470588235,
        "fold_6": 0.6176470588235294,
        "fold_7": 0.5,
        "fold_8": 0.5588235294117647,
        "fold_9": 0.5588235294117647,
        "fold_10": 0.5671641791044776,
        "overall_accuracy": 0.5817378497790869
    }
}