{
    "5_folds": {
        "fold_1": 0.6470588235294118,
        "fold_2": 0.6544117647058824,
        "fold_3": 0.6176470588235294,
        "fold_4": 0.5,
        "fold_5": 0.5555555555555556,
        "overall_accuracy": 0.5949926362297496
    },
    "10_folds": {
        "fold_1": 0.6764705882352942,
        "fold_2": 0.6029411764705882,
        "fold_3": 0.6470588235294118,
        "fold_4": 0.6470588235294118,
        "fold_5": 0.6029411764705882,
        "fold_6": 0.6029411764705882,
        "fold_7": 0.4852941176470588,
        "fold_8": 0.5441176470588235,
        "fold_9": 0.5,
        "fold_10": 0.582089552238806,
        "overall_accuracy": 0.5891016200294551
    }
}