{
    "5_folds": {
        "fold_1": 0.6323529411764706,
        "fold_2": 0.625,
        "fold_3": 0.5808823529411765,
        "fold_4": 0.5220588235294118,
        "fold_5": 0.5333333333333333,
        "overall_accuracy": 0.5787923416789397
    },
    "10_folds": {
        "fold_1": 0.6911764705882353,
        "fold_2": 0.5882352941176471,
        "fold_3": 0.6176470588235294,
        "fold_4": 0.6176470588235294,
        "fold_5": 0.5882352941176471,
        "fold_6": 0.6029411764705882,
        "fold_7": 0.47058823529411764,
        "fold_8": 0.5294117647058824,
        "fold_9": 0.5147058823529411,
        "fold_10": 0.5373134328358209,
        "overall_accuracy": 0.5758468335787923
    }
}