{
    "5_folds": {
        "fold_1": 0.6323529411764706,
        "fold_2": 0.625,
        "fold_3": 0.5808823529411765,
        "fold_4": 0.5367647058823529,
        "fold_5": 0.5851851851851851,
        "overall_accuracy": 0.5920471281296024
    },
    "10_folds": {
        "fold_1": 0.6764705882352942,
        "fold_2": 0.5882352941176471,
        "fold_3": 0.6176470588235294,
        "fold_4": 0.6029411764705882,
        "fold_5": 0.5735294117647058,
        "fold_6": 0.5882352941176471,
        "fold_7": 0.4852941176470588,
        "fold_8": 0.5441176470588235,
        "fold_9": 0.5294117647058824,
        "fold_10": 0.6119402985074627,
        "overall_accuracy": 0.5817378497790869
    }
}