{
    "5_folds": {
        "fold_1": 0.5882352941176471,
        "fold_2": 0.6102941176470589,
        "fold_3": 0.5441176470588235,
        "fold_4": 0.5294117647058824,
        "fold_5": 0.6074074074074074,
        "overall_accuracy": 0.5758468335787923
    },
    "10_folds": {
        "fold_1": 0.6470588235294118,
        "fold_2": 0.5147058823529411,
        "fold_3": 0.6176470588235294,
        "fold_4": 0.5882352941176471,
        "fold_5": 0.5588235294117647,
        "fold_6": 0.5294117647058824,
        "fold_7": 0.5294117647058824,
        "fold_8": 0.5147058823529411,
        "fold_9": 0.5588235294117647,
        "fold_10": 0.6268656716417911,
        "overall_accuracy": 0.5684830633284241
    }
}