{
    "5_folds": {
        "fold_1": 0.6470588235294118,
        "fold_2": 0.6102941176470589,
        "fold_3": 0.5441176470588235,
        "fold_4": 0.5147058823529411,
        "fold_5": 0.5333333333333333,
        "overall_accuracy": 0.5699558173784978
    },
    "10_folds": {
        "fold_1": 0.6617647058823529,
        "fold_2": 0.6176470588235294,
        "fold_3": 0.6029411764705882,
        "fold_4": 0.6617647058823529,
        "fold_5": 0.5294117647058824,
        "fold_6": 0.5441176470588235,
        "fold_7": 0.5,
        "fold_8": 0.5147058823529411,
        "fold_9": 0.5294117647058824,
        "fold_10": 0.5671641791044776,
        "overall_accuracy": 0.572901325478645
    }
}