{
    "5_folds": {
        "fold_1": 0.5882352941176471,
        "fold_2": 0.6102941176470589,
        "fold_3": 0.5588235294117647,
        "fold_4": 0.5220588235294118,
        "fold_5": 0.5555555555555556,
        "overall_accuracy": 0.5670103092783505
    },
    "10_folds": {
        "fold_1": 0.6323529411764706,
        "fold_2": 0.5735294117647058,
        "fold_3": 0.5735294117647058,
        "fold_4": 0.6029411764705882,
        "fold_5": 0.5147058823529411,
        "fold_6": 0.5588235294117647,
        "fold_7": 0.47058823529411764,
        "fold_8": 0.5588235294117647,
        "fold_9": 0.5147058823529411,
        "fold_10": 0.5970149253731343,
        "overall_accuracy": 0.5596465390279823
    }
}