{
    "5_folds": {
        "fold_1": 0.6029411764705882,
        "fold_2": 0.6102941176470589,
        "fold_3": 0.5367647058823529,
        "fold_4": 0.5294117647058824,
        "fold_5": 0.6074074074074074,
        "overall_accuracy": 0.5773195876288659
    },
    "10_folds": {
        "fold_1": 0.6176470588235294,
        "fold_2": 0.5147058823529411,
        "fold_3": 0.6029411764705882,
        "fold_4": 0.5882352941176471,
        "fold_5": 0.5441176470588235,
        "fold_6": 0.5294117647058824,
        "fold_7": 0.5294117647058824,
        "fold_8": 0.5294117647058824,
        "fold_9": 0.5441176470588235,
        "fold_10": 0.6567164179104478,
        "overall_accuracy": 0.5655375552282769
    }
}