,precision,recall,f1-score,support
art,0.75,0.3,0.42857142857142855,10.0
gaming,0.625,0.5555555555555556,0.5882352941176471,9.0
memberships,0.3157894736842105,0.6,0.41379310344827586,10.0
music,0.875,0.7777777777777778,0.8235294117647058,9.0
pfps,0.25,0.3,0.2727272727272727,10.0
photography,0.6363636363636364,0.7,0.6666666666666666,10.0
virtual-worlds,0.5,0.3,0.375,10.0
accuracy,0.5,0.5,0.5,0.5
macro avg,0.5645933014354066,0.5047619047619047,0.5097890253279994,68.0
weighted avg,0.5591401632423304,0.5,0.5040215745158472,68.0
