{
    "5_folds": {
        "fold_1": 0.5955882352941176,
        "fold_2": 0.5955882352941176,
        "fold_3": 0.5588235294117647,
        "fold_4": 0.49264705882352944,
        "fold_5": 0.5703703703703704,
        "overall_accuracy": 0.5625920471281296
    },
    "10_folds": {
        "fold_1": 0.6176470588235294,
        "fold_2": 0.5588235294117647,
        "fold_3": 0.5735294117647058,
        "fold_4": 0.6470588235294118,
        "fold_5": 0.5147058823529411,
        "fold_6": 0.5735294117647058,
        "fold_7": 0.5,
        "fold_8": 0.5294117647058824,
        "fold_9": 0.5147058823529411,
        "fold_10": 0.5671641791044776,
        "overall_accuracy": 0.5596465390279823
    }
}