{
    "5_folds": {
        "fold_1": 0.6470588235294118,
        "fold_2": 0.6176470588235294,
        "fold_3": 0.5661764705882353,
        "fold_4": 0.5294117647058824,
        "fold_5": 0.5481481481481482,
        "overall_accuracy": 0.5817378497790869
    },
    "10_folds": {
        "fold_1": 0.6470588235294118,
        "fold_2": 0.6029411764705882,
        "fold_3": 0.6029411764705882,
        "fold_4": 0.6764705882352942,
        "fold_5": 0.5588235294117647,
        "fold_6": 0.5735294117647058,
        "fold_7": 0.5147058823529411,
        "fold_8": 0.5441176470588235,
        "fold_9": 0.5441176470588235,
        "fold_10": 0.582089552238806,
        "overall_accuracy": 0.5846833578792342
    }
}