{
    "5_folds": {
        "fold_1": 0.5808823529411765,
        "fold_2": 0.6102941176470589,
        "fold_3": 0.5441176470588235,
        "fold_4": 0.5147058823529411,
        "fold_5": 0.5925925925925926,
        "overall_accuracy": 0.5684830633284241
    },
    "10_folds": {
        "fold_1": 0.6323529411764706,
        "fold_2": 0.5735294117647058,
        "fold_3": 0.5588235294117647,
        "fold_4": 0.6323529411764706,
        "fold_5": 0.5588235294117647,
        "fold_6": 0.5441176470588235,
        "fold_7": 0.5147058823529411,
        "fold_8": 0.5882352941176471,
        "fold_9": 0.5441176470588235,
        "fold_10": 0.6268656716417911,
        "overall_accuracy": 0.5773195876288659
    }
}