{
    "5_folds": {
        "fold_1": 0.5955882352941176,
        "fold_2": 0.6176470588235294,
        "fold_3": 0.47058823529411764,
        "fold_4": 0.5588235294117647,
        "fold_5": 0.5925925925925926,
        "overall_accuracy": 0.5670103092783505
    },
    "10_folds": {
        "fold_1": 0.6764705882352942,
        "fold_2": 0.5588235294117647,
        "fold_3": 0.6323529411764706,
        "fold_4": 0.6470588235294118,
        "fold_5": 0.45588235294117646,
        "fold_6": 0.5588235294117647,
        "fold_7": 0.5882352941176471,
        "fold_8": 0.5735294117647058,
        "fold_9": 0.5294117647058824,
        "fold_10": 0.6268656716417911,
        "overall_accuracy": 0.5846833578792342
    }
}