,precision,recall,f1-score,support
art,0.42857142857142855,0.3,0.35294117647058826,10.0
gaming,0.8571428571428571,0.6,0.7058823529411765,10.0
memberships,0.5263157894736842,1.0,0.6896551724137931,10.0
music,0.875,0.7777777777777778,0.8235294117647058,9.0
pfps,0.7,0.7,0.7,10.0
photography,0.6666666666666666,0.6666666666666666,0.6666666666666666,9.0
virtual-worlds,0.625,0.5,0.5555555555555556,10.0
accuracy,0.6470588235294118,0.6470588235294118,0.6470588235294118,0.6470588235294118
macro avg,0.6683852488363767,0.6492063492063492,0.6420329051160695,68.0
weighted avg,0.6653720698805837,0.6470588235294118,0.6390015776425514,68.0
