{
    "5_folds": {
        "fold_1": 0.6102941176470589,
        "fold_2": 0.6544117647058824,
        "fold_3": 0.6029411764705882,
        "fold_4": 0.5220588235294118,
        "fold_5": 0.5777777777777777,
        "overall_accuracy": 0.593519882179676
    },
    "10_folds": {
        "fold_1": 0.6470588235294118,
        "fold_2": 0.6029411764705882,
        "fold_3": 0.6470588235294118,
        "fold_4": 0.6470588235294118,
        "fold_5": 0.6029411764705882,
        "fold_6": 0.6617647058823529,
        "fold_7": 0.45588235294117646,
        "fold_8": 0.5588235294117647,
        "fold_9": 0.5147058823529411,
        "fold_10": 0.582089552238806,
        "overall_accuracy": 0.5920471281296024
    }
}