{
    "5_folds": {
        "fold_1": 0.625,
        "fold_2": 0.6176470588235294,
        "fold_3": 0.5367647058823529,
        "fold_4": 0.5661764705882353,
        "fold_5": 0.6,
        "overall_accuracy": 0.5891016200294551
    },
    "10_folds": {
        "fold_1": 0.6617647058823529,
        "fold_2": 0.5735294117647058,
        "fold_3": 0.6029411764705882,
        "fold_4": 0.6617647058823529,
        "fold_5": 0.5294117647058824,
        "fold_6": 0.5441176470588235,
        "fold_7": 0.5882352941176471,
        "fold_8": 0.5882352941176471,
        "fold_9": 0.5588235294117647,
        "fold_10": 0.6268656716417911,
        "overall_accuracy": 0.593519882179676
    }
}